{
  "$id": "1",
  "Scale": 58.428571428571431,
  "Granularity": 0.5,
  "PolygonDomain": {
    "$id": "2",
    "PolygonPoints": [],
    "PolyChildren": [
      {
        "$id": "3",
        "PolygonPoints": [
          "246,176",
          "552,176",
          "552,585",
          "212,585",
          "212,506",
          "144,506",
          "144,176",
          "159,176",
          "159,161",
          "21,161",
          "21,176",
          "122,176",
          "122,506",
          "-168,506",
          "-168,176",
          "-76,176",
          "-76,161",
          "-182,161",
          "-182,202",
          "-238,202",
          "-238,228",
          "-193,228",
          "-193,518",
          "-461,518",
          "-461,228",
          "-336,228",
          "-336,202",
          "-449,202",
          "-449,19",
          "-241,19",
          "-241,5",
          "-448,5",
          "-448,-408",
          "-124,-408",
          "-124,5",
          "-140,5",
          "-140,17",
          "-111,17",
          "-111,-410",
          "44,-410",
          "119,-556",
          "336,-560",
          "423,-410",
          "553,-410",
          "553,160",
          "551,160",
          "246,161"
        ],
        "PolyChildren": [
          {
            "$id": "4",
            "PolygonPoints": [
              "-2,2",
              "-2,30",
              "17,30",
              "17,60",
              "136,60",
              "136,2"
            ],
            "PolyChildren": [],
            "SolidWall": true,
            "Parent": {
              "$ref": "3"
            },
            "Material": {
              "$id": "5",
              "Name": null,
              "Resistivity": 0.0,
              "RelativePermittivity": 0.0,
              "relativePermeability": 0.0
            }
          }
        ],
        "SolidWall": false,
        "Parent": {
          "$ref": "2"
        },
        "Material": {
          "$id": "6",
          "Name": null,
          "Resistivity": 0.0,
          "RelativePermittivity": 0.0,
          "relativePermeability": 0.0
        }
      },
      {
        "$id": "7",
        "PolygonPoints": [
          "358,-606",
          "592,-444",
          "603,-422",
          "603,160",
          "602,606",
          "573,635",
          "208,635",
          "-485,566",
          "-511,537",
          "-511,227",
          "-498,-426",
          "-477,-452",
          "109,-605",
          "115,-606",
          "343,-610"
        ],
        "PolyChildren": [
          {
            "$id": "8",
            "PolygonPoints": [
              "119,-556",
              "44,-410",
              "-111,-410",
              "-111,17",
              "-140,17",
              "-140,5",
              "-124,5",
              "-124,-408",
              "-448,-408",
              "-448,5",
              "-241,5",
              "-241,19",
              "-449,19",
              "-449,202",
              "-336,202",
              "-336,228",
              "-461,228",
              "-461,518",
              "-193,518",
              "-193,228",
              "-238,228",
              "-238,202",
              "-182,202",
              "-182,161",
              "-76,161",
              "-76,176",
              "-168,176",
              "-168,506",
              "122,506",
              "122,176",
              "21,176",
              "21,161",
              "159,161",
              "159,176",
              "144,176",
              "144,506",
              "212,506",
              "212,585",
              "552,585",
              "552,176",
              "246,176",
              "246,161",
              "551,160",
              "553,160",
              "553,-410",
              "423,-410",
              "336,-560"
            ],
            "PolyChildren": [],
            "SolidWall": false,
            "Parent": {
              "$ref": "7"
            },
            "Material": {
              "$id": "9",
              "Name": null,
              "Resistivity": 0.0,
              "RelativePermittivity": 0.0,
              "relativePermeability": 0.0
            }
          }
        ],
        "SolidWall": true,
        "Parent": {
          "$ref": "2"
        },
        "Material": {
          "$id": "10",
          "Name": "Concrete",
          "Resistivity": 100.0,
          "RelativePermittivity": 4.5,
          "relativePermeability": 1.0
        }
      },
      {
        "$id": "11",
        "PolygonPoints": [
          "136,60",
          "17,60",
          "17,30",
          "-2,30",
          "-2,2",
          "136,2"
        ],
        "PolyChildren": [],
        "SolidWall": true,
        "Parent": {
          "$ref": "2"
        },
        "Material": {
          "$id": "12",
          "Name": "Concrete",
          "Resistivity": 100.0,
          "RelativePermittivity": 4.5,
          "relativePermeability": 1.0
        }
      }
    ],
    "SolidWall": false,
    "Parent": null,
    "Material": {
      "$id": "13",
      "Name": null,
      "Resistivity": 0.0,
      "RelativePermittivity": 0.0,
      "relativePermeability": 0.0
    }
  },
  "Routers": [
    {
      "$id": "14",
      "Position": "262.666666666667,-520",
      "signalStrength": 300.0,
      "frequency": 5.0
    },
    {
      "$id": "15",
      "Position": "298,-519.333333333333",
      "signalStrength": 300.0,
      "frequency": 2.4
    },
    {
      "$id": "16",
      "Position": "-156.666666666667,483.333333333333",
      "signalStrength": 300.0,
      "frequency": 2.4
    },
    {
      "$id": "17",
      "Position": "-4.66666666666663,46.6666666666666",
      "signalStrength": 300.0,
      "frequency": 2.4
    }
  ]
}